{
  "buildMorphy": 0.5908206291496754,
  "mpl": 0.5415585711598396,
  "ncl": 0.5136505579575896,
  "nui": 0.5421686936169863,
  "wineditline": 0.5423125606030226
}